ablated_brier,full_brier
0.787384113825435,0.3875160398959645
0.16200925390275323,0.20272556167042044
0.6649842070038803,0.7259934191417533
0.14208227398249917,0.933112277172933
0.9749167010576699,0.26031854835667545
0.36573617637042977,0.047184195731579504
0.5422760665318171,0.9716175249503253
0.14654635894009382,0.19558811522887976
0.05609439286222506,0.592032499575412
0.27069194614941783,0.6078853647999662
0.8499108846019582,0.1994343364537613
0.09006107649059514,0.6877083992062665
0.5778174391374203,0.26195749027434745
0.7545692550269276,0.46696218146423507
0.5321061745289692,0.1577337064603609
0.77800772088811,0.6113785237913735
0.0036944993546852434,0.06331162687447267
0.7527407488228994,0.04170291927133274
0.20095070780002877,0.4454567707134024
0.40876500960767304,0.7428754598089117
0.6117992098747914,0.8756016705511279
0.9035138602661911,0.1129434918749348
0.4899856389304206,0.25263903424035283
0.0963745960208513,0.440825211432033
0.8118093671268699,0.9232672022232925
0.4365009588490494,0.668526338243488
0.6086355509372656,0.04647925804737996
0.5493489223015527,0.5132973353896343
0.26349002077578165,0.27905906751483633
0.6258994435512089,0.314514088377823
0.0673255375703462,0.3941527085962011
0.20648765442266337,0.35551541525791586
0.14406302313797936,0.8660159773851042
0.05713836350611734,0.02717792056742685
0.02755348986847217,0.7031677865640109
0.6813180627447846,0.25324806024662794
0.2259743429208939,0.2763607669526613
0.4895007075343588,0.39618206176706916
0.4599417639374145,0.7238131821248021
0.2693822655017961,0.029373111455843648
0.04002388019355563,0.7356390615895775
0.6133325465730455,0.44307382871718726
0.22748587426883138,0.8638831506409818
0.6771376993001244,0.45631856739373644
0.2565079958986892,0.3664800718759216
0.5172901266534238,0.24318095922981275
0.6140535945675549,0.21694392197435342
0.6367505094267271,0.9951258260960347
0.9835462659432155,0.5978787628366372
0.27072401916070776,0.2271854861769036
0.6967911996579893,0.01416979524027595
0.8620488687783858,0.1642406998366771
0.49238484321001497,0.8373043312987976
0.5001343734939134,0.5361705659518708
0.04521584383435451,0.007634322007737393
0.5820021430998988,0.9600143786405915
0.026841755223050323,0.07591177931624815
0.6490816742677833,0.24533248952942543
0.2921448404604524,0.1354886253618558
0.42987704171385743,0.5080534337145877
0.6203983580255483,0.6785183793046193
0.22473306822192607,0.049500912035874145
0.7063728309750392,0.9929378166742484
0.46557889527087504,0.5006022356731757
0.34968123588540934,0.9925469994215143
0.39013984722218586,0.37539664683279717
0.2980021501555906,0.7562010081105077
0.14845415630952996,0.996405494718993
0.002002787888404578,0.630159784042315
0.5487939980748766,0.5260111587361613
0.2724074032721212,0.6319173963214181
0.7883172389286648,0.05509790735808717
0.5064305767750253,0.9385002368369487
0.7441365747433117,0.12973087525338756
0.753600439197304,0.6025346780199616
0.6437993681654038,0.16685593098600326
0.5293392599912505,0.3194187869621593
0.01643483323001904,0.41099696233472127
0.6232584528647801,0.7615686824471821
0.8107180067230686,0.9224749695783406
0.42431919656826234,0.3970514519994164
0.2372886472692518,0.4971232232968764
0.47930489935989384,0.9312366937267633
0.2499721912857551,0.21908757692551306
0.08019363462650897,0.11347896031302696
0.9791218135698246,0.6043609194278742
0.4303419944480553,0.4213738637531603
0.1618472938352884,0.8496207319496905
0.7875918072913938,0.9562875921584767
0.2220789889768099,0.125048103222419
0.0589730215546832,0.6691265368935195
0.44199747948954526,0.18427723454259937
0.5120347787058115,0.7613823682427991
0.19319277003070845,0.3445533599417483
0.12852746537521387,0.10591127848057935
0.7789545538992362,0.6664578139939095
0.47182495105086175,0.8975433905048911
0.9846552221204752,0.3858629847354059
0.10595104463727945,0.5496981032848023
0.7573337268860355,0.27538544437889523
0.5380377654803713,0.8302305628906531
0.29818374790988944,0.3887764921401402
0.42422285159846407,0.23737913188328197
0.9712643871033001,0.5886406938439595
0.9370946935627797,0.9719807021750277
0.6212580989740832,0.114667364635617
0.9839317869130652,0.23335167719985206
0.5595732065064649,0.2256990141681512
0.4516159748004892,0.48748885154267574
0.5373873995244306,0.16178386610632733
0.39390112099003827,0.1251992815037246
0.5109263148532698,0.036210581334548464
0.1312987542813171,0.2831079699884991
0.4878440122416714,0.5726755971817129
0.8682273832213327,0.6169922907641093
0.4117697570784088,0.293878886508819
0.7230968267180419,0.3126495049864204
0.7985687045519188,0.9867394591451607
0.6538617569852809,0.624745759517706
0.7277993594792519,0.1774195750007721
0.6612808395429638,0.862182458610047
0.8039334577613411,0.34619718661169163
0.6276878033352272,0.8551302132196777
0.8447920017167736,0.13286234153911114
0.2660303299091584,0.04390953735967573
0.9165541624652702,0.44858769072348414
0.22303320502040724,0.30847236339087303
0.43333999035857995,0.6561505879705362
0.4444834215533846,0.006827662811359714
0.6500802816532407,0.6210396403081359
0.12477632233882552,0.8830210432117579
0.8693527515771043,0.32313399021775946
0.7575253510604927,0.7651347188564643
0.7330073819565491,0.08921675865443501
0.7369084764644867,0.8127304725872154
0.48034956641173066,0.3156338243381842
0.7613703321751938,0.937459799471177
0.5150479286390923,0.46268391676871545
0.029294512992442123,0.6791507874707924
0.4964944348557482,0.29113638528872665
0.4429274962993437,0.15019022618684863
0.7281743345156197,0.9742582905162926
0.2799294553927816,0.6386066543434905
0.5323335296160143,0.6221249505561979
0.845396485152331,0.7186332224190304
0.5370122652651783,0.5912990859570278
0.30055857582955725,0.46914929140550665
0.7979558989093315,0.9804582564034603
0.9326388710972406,0.4662038278868502
0.04565508820222042,0.8045568931195574
0.9391088720821402,0.12786879128069684
0.2690676122522151,0.14453340935023362
0.11218524274787733,0.4476308089491102
0.20747792341969462,0.08412511607999384
0.3488242947995932,0.7559836807428356
0.9400878562178273,0.7060929546286184
0.11677997946410512,0.49076459483514034
0.5079555372617856,0.5299204733541316
0.4178134933072404,0.7736910641801658
0.7637749483519033,0.6158917511701679
0.16967314213343798,0.026208587326101318
0.3957412664549679,0.7671285480449953
0.9413106447903351,0.333900062593692
0.29889592297049616,0.780412917237349
0.6247843358210327,0.7080512570034165
0.5506944545659015,0.5143511991669085
0.03877482475808114,0.8648816001563525
0.9180878533316188,0.357300541318759
0.19008947888516348,0.7306693740478901
0.8664539887280541,0.06954108146147409
0.8166157235708246,0.1531717898278362
0.1960013606281511,0.24736369969863226
0.02361416446447062,0.6265251499142007
0.332324737848265,0.23913912979787555
0.3987153173911566,0.9625207282544022
0.09155937334189934,0.03262556458017685
0.3701762764998048,0.32892546146365154
0.14817479049179194,0.47023760369901446
0.15810993925334405,0.8468401779303661
0.24443142570357745,0.3481636279828453
0.7823389241817208,0.4965880977290461
0.6418806182336495,0.3766453279364538
0.9593633234615555,0.07405422566055464
0.3882767920321356,0.6215321112554293
0.6779153050438813,0.4338638380377985
0.022969146323138512,0.4818290986837158
0.8002312232898261,0.9973300858017773
0.23777388441776626,0.6089355704447221
0.612399144124972,0.365232513250196
0.8846108627948527,0.5247068402218472
0.9212432886471464,0.09272040125387748
0.009170531294082851,0.8457703648921562
0.9643328912408465,0.2984168732480369
0.7597099213593859,0.1414600260785157
0.4945876556326624,0.5444200645143192
0.6480308066174927,0.9795008243874782
0.19808739374224638,0.26635525726142073
0.08851243832944988,0.6162338845314544
0.45464586271168295,0.9979675015162179
0.7452692444434553,0.030889226000662018
0.8777587576855169,0.03367525559930995
0.11803928552933374,0.8811761726654924
0.8995830848732479,0.1998517754056125
0.5936587198868891,0.4242621542657138
0.3274642477208256,0.4992319059360054
0.8553087149143174,0.9039108291827319
0.07604987748316805,0.042611036571125305
0.29187774169249725,0.056420373434186266
0.5069550967854959,0.9416037518458498
0.739075346835895,0.5040057871235434
0.14352438792129185,0.20751462357932238
0.777197836562981,0.9561626109454032
0.6340851199555277,0.17023543456278656
0.47813111651836715,0.797201095497766
0.7600728626799214,0.6527730354749097
0.9211503159702514,0.0448562406791686
0.9051708689655159,0.030531726734768005
0.7015734228135622,0.9966247848052643
0.6381519788066894,0.06005625644826729
0.5053007953438244,0.9998195275351796
0.5029605759386507,0.0832428594757324
0.23083983088332882,0.3795574232924174
0.9372148454122388,0.6979601069283518
0.1651613336845622,0.3589657380744605
0.22053141959115397,0.2788398096078897
0.13904025415171584,0.03448713396363201
0.8737498465667956,0.9805421335677884
0.30402157330019175,0.41184353295020626
0.6176670626056344,0.4567690776181772
0.139333524261253,0.18321089175909078
0.03325863924995387,0.7168587547169547
0.5452578467012892,0.36215174780180837
0.12960332777947725,0.48553808212734484
0.8406442120964829,0.5834006516983925
0.5743569328261648,0.8287208416790414
0.17493733704334757,0.9286452155381099
0.9086997028987015,0.7372001513898145
0.7211497920933362,0.49833945675404545
0.14577277148390044,0.818030315132803
0.4733945650654894,0.025802353840550962
0.4352279508499922,0.8553597935447389
0.5857155687022144,0.8787395948703335
0.36089391348615774,0.9200745990220981
0.09589412228674721,0.44333223479748096
0.6062513408203506,0.9925697460455667
0.6061032746494288,0.9324437366223189
0.5789233475242306,0.4525215605223284
0.021042792567412483,0.5857862365095142
0.713108326522322,0.021273255416619508
0.7265742859024747,0.7642789053437451
0.3318568238666736,0.7274355200775583
0.5452110233346059,0.205344097599105
0.35167706790055053,0.62767070175243
0.6310567636337884,0.9562168597653221
0.9827459575700146,0.9999734809886747
0.3817281598610339,0.7470190129337407
