weight,parent_weight_1,parent_weight_2
0.8919806453286242,0.05888144237928139,0.09260287689760438
0.3132156432816511,0.45625653294267055,0.07673463934411995
0.7291311268470545,0.930659095888169,0.691250010922705
0.15281430558064524,0.673603888332515,0.6423316522766833
0.803539737216881,0.04255223922608797,0.006900969184124084
0.8413814906926895,0.9249589705360206,0.06523385798394676
0.14772651083214827,0.5298010187245752,0.3445655152452616
0.2370958582519005,0.924077687610164,0.36544452004670924
0.6011357246466096,0.2979821432067793,0.3588817368779651
0.8908990150885088,0.915613375998978,0.8109379066205639
0.8693457090629975,0.5888355714442053,0.9210512613016749
0.36114569731742696,0.024442008613813848,0.4716975033058186
0.43391877385568967,0.24829389078876718,0.8439625213556355
0.2982646439813098,0.8109129462562855,0.06475618053553966
0.5333028756930758,0.6812393940468962,0.4940160794865053
0.8090583785554284,0.47460119446930304,0.06401094504965188
0.29560713081182455,0.37811358473014234,0.803124846358475
0.26188421695672925,0.05822285930058968,0.5832842627825059
0.9994826492540256,0.70355595142722,0.7399197121677107
0.7976929243073919,0.2620873380618597,0.3148327859590315
0.2847818380283972,0.7148724808479798,0.5647840877290515
0.6126759225274676,0.3619169665123577,0.6095953611046804
0.24283697733568677,0.5822855426931247,0.26597839907256193
0.29688458959618347,0.8342282548070692,0.20836432091851198
0.5945151858641303,0.999016668385892,0.7146204352843509
0.18989200845800003,0.9410522333330863,0.6644667510653375
0.05092841282367255,0.17374692924955737,0.8219086633090632
0.8374098002666931,0.9462749073234261,0.6381695508166545
0.18523410781074667,0.04735292677816527,0.9858071605192049
0.6297671960323968,0.5688994004432267,0.5366844333276952
0.40041551649652785,0.07176820889790347,0.1266094300445887
0.05361585096247967,0.21080822542148547,0.8516684084564978
0.4700577381921197,0.8206492000544081,0.8417109274780298
0.590801447648347,0.1465952000707944,0.5462177335260785
0.9973461395937571,0.12623888938252048,0.4437673830249237
0.622146773020157,0.9718181546164075,0.12313945536736426
0.7427611073947544,0.5528808714635871,0.3815600965831063
0.5468533768176826,0.6885308210814538,0.29142055281434154
0.38861416310243657,0.3359593972762066,0.5110810852176756
0.2685110956390774,0.9577854479376131,0.04258449741234638
0.42471123063340666,0.7315241620589886,0.40871525388017327
0.015699323743677218,0.4026859556401521,0.8043491944986717
0.6658766089969282,0.12809309520904888,0.8468427344869335
0.11970683576358288,0.9776964696346906,0.8885627550202526
0.07324601997803659,0.05715355863635818,0.35158050326445967
0.07577737977455001,0.7632736477530321,0.4155102777908507
0.18427759984109227,0.023245509292837307,0.6097073983379261
0.1935919964228393,0.9549788112768757,0.10654936963858519
0.4378285582740169,0.22610095765301996,0.7647996741049566
0.15415769315307626,0.2252037756794507,0.11332360223316718
0.24598701963991398,0.7489388843549306,0.49693298335674263
0.04562748885085721,0.17174482815651537,0.4988215621637877
0.6013312693919577,0.4558432768401296,0.8099780300482026
0.1636148202493224,0.5190413255871441,0.25624120850339405
0.27493566980999573,0.42650509323743857,0.5817687400324135
0.3117064616562205,0.00962312673746657,0.9788617560920416
0.7829041690610472,0.7666642977716068,0.015434934989602689
0.30557580817505425,0.03040954801465967,0.7588577013061737
0.20992742743258774,0.8302605455679914,0.42985180335558204
0.6194052988333911,0.7224341063155089,0.0373560190627098
0.3195498193196634,0.3030915805232931,0.1089408776048093
0.32856339853777883,0.8979719197934075,0.9915326064013953
0.34359554935896286,0.8928565145143637,0.010713315101076204
0.309466051672735,0.3283081586116905,0.0011508585641866187
0.8090911472403107,0.1723562255287896,0.9360287178069215
0.4082246637333642,0.8865018921924709,0.5645501698101503
0.34129660133237816,0.5354144703558957,0.8053932095903201
0.8787027885110772,0.9300672447878691,0.1491282064018037
0.013827502988789986,0.28303663174169635,0.88794452722707
0.6102486170433186,0.7388256621532234,0.6657364422170996
0.6921920828264795,0.5832806636064658,0.2896231590673982
0.06345153825439587,0.9491541567494997,0.35928892857756034
0.8586723413926759,0.14544432045306654,0.13626688234483642
0.03804996217063994,0.18414391779696537,0.7918265360847018
0.9470366843797171,0.33186169248134834,0.993110952472917
0.37878013520453646,0.06067414730367149,0.3929090554428546
0.5960440309995146,0.9210039176512883,0.6426638973143691
0.6399196223303238,0.18200605116166202,0.8392646560857091
0.25031903494374064,0.1793552053627614,0.6225684575945704
0.12288426237101824,0.34768812118533954,0.27197890181258344
0.6692627320796596,0.5741728795535209,0.12535358855225076
0.07473091691327416,0.13921444926949833,0.7421007109770009
0.049117651616792934,0.6004749544305616,0.5359953246756288
0.002299164863804326,0.9334231519100266,0.6187545996616199
0.9845373474842517,0.6863193331185032,0.05065576022550211
0.5775805477527813,0.5553780734909193,0.8420503934007054
0.26204586959616116,0.0002878702913288178,0.9956551432400911
0.6847816393246847,0.6342264771940089,0.4824375855861591
0.4105082194783781,0.2745889662311348,0.2699882377288435
0.1878568383421807,0.17194535207642558,0.10337231390039492
0.25865584352712767,0.8514333369716747,0.6477331341461908
0.38182135246051785,0.5253370627794754,0.8278314381309753
0.6924197540025482,0.4609140412606817,0.7585167196850077
0.08029152068811274,0.08949413378617488,0.9095932580273145
0.3221407814647972,0.7479808113856187,0.5950297162378325
0.42401851456846407,0.8417870588983816,0.7212656039655801
0.15413000530882615,0.19839261488131066,0.43674410535476293
0.8459552781645245,0.7894145852469338,0.7594230063665521
0.4378882200247156,0.5179260282399262,0.6507185691548996
0.9052423908703959,0.9990082542390885,0.7671157989181624
0.31486922864805766,0.6810461028818315,0.6658608250380669
0.6488020282007135,0.38759330669065195,0.48988426575229516
0.9262617374016991,0.8176675980872443,0.7243003429722028
0.09025936395223422,0.6904853035337682,0.04377349352227988
0.804988712692681,0.9358178553920518,0.38106342640207935
0.055608085338726965,0.11814660239033103,0.5209087730558614
0.7990659297002011,0.8796172085498264,0.9393538221001094
0.9636861552381563,0.31019391398502505,0.04800949505789098
0.6546077644227307,0.4923603245495223,0.6407187644198746
0.9886925954577658,0.42457244029964214,0.5797047668704502
0.31719342069685363,0.7993198807082467,0.3657717840972997
0.5441917538646208,0.9332553189189224,0.968456010245193
0.6028837230915942,0.4269754056345706,0.9216731179818071
0.07054002521422909,0.29609693320487984,0.5384000134529362
0.1722776843304341,0.6948010404084962,0.631414671547611
0.6557677810843546,0.9610145344334239,0.030581488404714863
0.4065514178034,0.10188778901551165,0.5155044141180161
0.45929633969710304,0.28190912628078213,0.667776588251002
0.8052475726983483,0.24362381253324927,0.5907749638103837
0.9956592897521234,0.549846669705554,0.2822481701265771
0.36656566155411685,0.9913627432586968,0.7926203280253279
0.7419237607842465,0.8649474635558883,0.041907188080748004
0.07490656375254523,0.12691627200511824,0.4921189977008238
0.17903435647682298,0.3509696897062198,0.2838208136539747
0.38390762332640194,0.15988025407433892,0.2433710535036141
0.8090792169172176,0.5447152375163684,0.07959900708202827
0.2997209050742351,0.40568280718444816,0.1529189580430531
0.7272171987303956,0.7799053199032429,0.17925303922775948
0.3005187801992091,0.43067735844004207,0.30625051911701817
0.4470445166167313,0.2936890990767237,0.444446588390518
0.35866021386361224,0.1856092568151102,0.8242741421857762
0.06483114623471153,0.41093987527713527,0.1995627847287058
0.7647405504287266,0.9496521227608538,0.6337875509338472
0.5039164624457856,0.539173906393898,0.6459886406097715
0.9103518359328401,0.369435844276934,0.8084190709267249
0.9695627512259308,0.17376714839503082,0.30450435576390844
0.7838986803988193,0.014994392909961296,0.2261608003249812
0.27542337883527535,0.07127144226354476,0.7427815736464696
0.7670080661413604,0.9752588278989014,0.2630272175766749
0.1781907375512033,0.8210683440922076,0.15447935689944847
0.8255891114001715,0.5522606267736209,0.9838681455383311
0.08897832901761638,0.6856797515900701,0.84045123399748
0.5431468012955932,0.959800233666618,0.43703218384621156
0.20406753770030395,0.5119005673692564,0.07128358629850617
0.8995767556159296,0.7706347896194373,0.9745492690530175
0.9516489359918439,0.5345679389300573,0.3891331691196608
0.7187523820118086,0.3185640319876921,0.06296135909408018
0.3301877777511878,0.11909478393527118,0.6747579083148434
0.35941848138687993,0.16196828691858367,0.6972871793683196
0.5339077989616358,0.3631026259170578,0.3000047860930122
0.6976484271922779,0.11176757458555464,0.2933362554271032
0.5541567438762123,0.9151223281281625,0.9623789345400672
0.043298201017864524,0.2740055513612695,0.8498157854656788
0.4673491898285954,0.5663181071849819,0.5292389704556422
0.37938342625125077,0.6171087457329104,0.5038667251131453
0.5610156318583531,0.737897747209888,0.3593071538314203
0.6759289188914479,0.9583304286331286,0.3037752500376544
0.08883526401159925,0.7675323519270913,0.24532349265048747
0.7583998945850136,0.6372755494967627,0.036269692403967824
0.023018165050935013,0.01836212688073957,0.8998278693278716
0.8918492693044395,0.06871583593954278,0.647796114235113
0.05553828995171939,0.8959510094537877,0.6285456540399661
0.6783362539291434,0.5461541936905104,0.6720470313486561
0.49786864829328525,0.56945234577368,0.9068072185273295
0.09631741628338297,0.765196664200146,0.44326456903822675
0.763446964018504,0.8983483718794308,0.031860424500714246
0.8961183694893814,0.1329765386057492,0.9151512685421321
0.4579655455856272,0.7973028786030306,0.21094684560490617
0.6506469466273969,0.8291556714474818,0.42385297453871873
0.6864728503971015,0.1065564934702794,0.14273595372363457
0.9082633063169574,0.5382648245144634,0.6274251767489523
0.1341963833582197,0.5715599872000997,0.7238600360180778
0.9706653245181014,0.2613046529088151,0.364378406141727
0.13976627724478952,0.3740818274553118,0.21820870284143346
0.41000034611266956,0.3137729126316946,0.31543181889460403
0.35442313713654183,0.41621596935906213,0.9639441567226117
0.12508175746474604,0.05580992172001742,0.06967371018974389
0.9716827957596965,0.0426286771373835,0.8371192540043937
0.7395740608306733,0.954109843895392,0.5372717016439341
0.7368934473014569,0.6634594642524505,0.15706309598179402
0.049588371177761936,0.46643208597091523,0.22808831376719152
0.8006162000764672,0.931072566207838,0.3579453997523322
0.8487002259161983,0.8496208284813802,0.0467899234633572
0.6991654195924625,0.4985717014113845,0.8663565958648567
0.7416213162671711,0.27937496218031954,0.6781518365264191
0.2741198018978174,0.43318221029974413,0.9877056769098688
0.19660969646606963,0.9298604102542584,0.3474224773416378
0.7072714533313795,0.6141184595480554,0.18652097718132532
0.1209064675225553,0.8920423602264137,0.9632412485335077
0.29562185720141454,0.7470591096099751,0.28194386398719995
0.7273259320769515,0.4714500635360015,0.4733020718947154
0.577669567537271,0.9129026447870981,0.9165526609913812
0.49556354233353983,0.16220112211978754,0.11341968567146543
0.3340828968790356,0.8890201550475963,0.7065838322051017
0.23401233793032805,0.12116949368426433,0.8656821753417712
0.35050255470058644,0.6782853112917304,0.3975621754797908
0.25343474877357675,0.5352468411613734,0.2754644187730696
0.6350759894264372,0.4344577860608161,0.07875761756043453
0.874682836352966,0.8905800499300689,0.9430273912841828
0.15771990950484738,0.3521320788291966,0.37433402759870815
0.3798203228282129,0.1711583761927521,0.6921506845145804
0.7708752291153623,0.6576550741479936,0.4459345260208809
0.19637062505177494,0.43564255024089094,0.845260537052087
0.37249148180011793,0.5258395139976842,0.6411942735117424
0.9013931355095727,0.4060570180528522,0.9816507947794451
0.9850909548517176,0.48578942446652107,0.47104005380048686
0.9767920017634183,0.13045147929249334,0.6736756579262024
0.36282106025449157,0.07240248834356933,0.8936239443467876
0.3111594351352056,0.3976950663274177,0.21941294228030628
0.8846910721180965,0.8173558500865002,0.658452148926726
0.6884877565952244,0.09454208643669815,0.8102691972974125
0.8185503969477099,0.7845901494048475,0.960122352910931
0.7045061412167264,0.9718605630005763,0.26132561498369355
0.4705996564017929,0.30487280526264693,0.2531762286122018
0.2672851630952885,0.9006948381498938,0.25123880166707835
0.2500180229863693,0.004319722814527305,0.8602905255070243
0.018266370890016814,0.9506944332011188,0.7582698729667959
0.7773203098029271,0.7119184472387877,0.8762767773868867
0.11633682853637095,0.2677948811929337,0.10314481369363182
0.39932447681595284,0.02801561378666373,0.14863986974430476
0.522732508549536,0.12284839164743089,0.1752871884076963
0.2990867566085754,0.927715404327888,0.8850360139950846
0.24096866662242822,0.10934219006780665,0.41227751266156354
0.5587444837871832,0.4529225097754932,0.3434729342618168
0.7594566931842075,0.6196855964229477,0.288111631123389
0.12219104943299353,0.4263663417295037,0.5658977428918929
0.47335909617349525,0.22024721514494028,0.12891875938248176
0.7722856308803229,0.5557106928312315,0.13246316751459475
0.36318261378953565,0.8348438391826484,0.2222719186148403
0.3844245108019295,0.8349400175638655,0.10176858868377259
0.2458886123895334,0.7940381489460665,0.4608106181272039
0.6127173349169829,0.9252998732370541,0.7789088432225668
0.5535163971421863,0.3858423406735759,0.8316348480199127
0.04046167033069337,0.29326605607530787,0.3283601674819643
0.8663194653767219,0.24901679930288478,0.5201855096092278
0.5595772062856513,0.35945639568483,0.7677718950249107
0.35089987933810796,0.4519725004081523,0.5862833871475068
0.5888944083636916,0.27419330050528756,0.33635052453379666
0.7424706555626778,0.4974604525831592,0.5123542959926889
0.30204308557985093,0.8095522614118461,0.394192231576881
0.4582132064864096,0.9355438557165706,0.2960795686689821
0.3968591116700153,0.03323550829730004,0.9317477009145211
0.6278395325705598,0.977425501220283,0.8341168460040816
0.5169004942722646,0.5496295276292171,0.9310353917601304
0.34862602937362097,0.39163451804026916,0.26544113175052486
0.4334130402642322,0.15351808880667828,0.351340009721699
0.2011934641763129,0.04086846024317792,0.13429512217860495
0.4235760076244969,0.146163143466437,0.6390232585814773
0.8157888735826849,0.8540883617246185,0.8606336937735747
0.6827077733289828,0.12454449449671079,0.6602222640893992
0.6730461269864291,0.4763357466643017,0.6093748800171895
0.8703093344922714,0.5279155762893564,0.44051166567081945
0.7658255762108515,0.45205947232759314,0.18256585859928898
0.15525942868816356,0.0734674220689927,0.9706845429609439
0.6609586367687935,0.4071261419587823,0.4646761133710752
0.9841790218439196,0.27112962979107225,0.44131838302257465
