candidate_brier,control_brier
0.49297949810776687,0.08612626534243606
0.410325768254708,0.8568234364085714
0.4026733121168269,0.31789756601057473
0.016372721616794372,0.07776863936924239
0.21362339500284222,0.4100436451568976
0.29883808889476293,0.2813206420452655
0.25173694615440345,0.7033034789632777
0.6888230355888657,0.2691456760942831
0.3510341421626386,0.544670996272815
0.8369435468207654,0.2733460197263484
0.4992266474579383,0.6165561632740539
0.3957543573831853,0.8689451001252539
0.26230706578591234,0.5584815896765717
0.526265641366023,0.977203732519058
0.10095452794467918,0.9707032145215992
0.900630427394763,0.8807543873251623
0.5280701731555173,0.39719900734276514
0.22931126823809866,0.9662302310690365
0.6839000729924574,0.06315347910615732
0.0867467712013621,0.8498894800046403
0.5860696923323794,0.49419351130506894
0.473235255548187,0.38034505196232926
0.8972771965553469,0.0654342713912498
0.44379652173430406,0.5396359831101104
0.5415522469279801,0.9366395450404474
0.6945139651658006,0.4946074947557223
0.8472131927137456,0.6028434951864772
0.9204281458577445,0.04686986519901726
0.9728683402625888,0.9817203214009567
0.562545642869633,0.39633786918290526
0.4327902280782663,0.04861139777998369
0.0703087751635525,0.9716639283850581
0.6333819113542236,0.8006001530702758
0.04962972359622786,0.6949899166599093
0.7819367091301999,0.7726032547994747
0.14852881974582532,0.874586685769762
0.06031325561283207,0.02576787703487271
0.6430312117011584,0.09944088205787383
0.5869557991414684,0.9873908652748464
0.3021825546661352,0.7379304365320146
0.9001777041994233,0.4413689138819542
0.09951785951773617,0.9218844594265139
0.022958777627845484,0.5281459791063231
0.9041793120196451,0.36649115855265213
0.9510906406359669,0.4932444215063203
0.5270036414914767,0.36293010936077486
0.04287745263320619,0.3240185646210013
0.5744659426129836,0.9001905296574606
0.3733164585123053,0.3057974051424587
0.40545492711891107,0.6645466554636523
0.5122054230751173,0.21064096915439323
0.0956251726938353,0.47648163365001506
0.891514034179849,0.40232368180284217
0.10470368881189485,0.3451127090710686
0.014734667868706919,0.042062781652779324
0.11343058892599378,0.44236517566352107
0.10553659680598249,0.700042198976402
0.350120086583835,0.32838807793734237
0.695766813255588,0.9720086138613584
0.742979208837214,0.20444644329454587
0.009898196781591984,0.8936721783609802
0.46012879623322256,0.9586834083093746
0.09935130358733635,0.6129815856314625
0.37693637293153126,0.27518643060588444
0.6996949203208086,0.3518196582623304
0.6882686376849602,0.5304316300461335
0.6382919159546807,0.9270611035945752
0.7677998422386368,0.786265253727616
0.8390487781407051,0.8799604817054193
0.5359604398995517,0.6266594721964477
0.3301223866931424,0.3773165842621774
0.041448370013744684,0.25263281865667964
0.08188674523967376,0.9628321112324304
0.5445538216416682,0.7352509320836873
0.3616564350439818,0.061074708607838035
0.8213862596858104,0.6288187503158513
0.16552221227729946,0.9208731823458809
0.5589270871831241,0.5408471788248748
0.08985330952571946,0.4264800570263171
0.6545080069709491,0.9963397924770215
0.2625633625316792,0.1490963376248594
0.4296713581026921,0.01353607998397266
0.8518767114642755,0.8198839703121472
0.9024768060671186,0.7226017579110401
0.3527590843121269,0.9422465726935805
0.2949194907148498,0.889654607339675
0.3944751892071414,0.23585506463603712
0.6399104482098092,0.33606906093478317
0.46872174464605065,0.7527388116382938
0.9250131495895799,0.4748425179646689
0.25181864590112946,0.7466328092068192
0.7472376149681188,0.08588002021038887
0.08026597121302748,0.37771039656628613
0.7466366056535875,0.6646729371346911
0.4271321466343557,0.26480156661174015
0.7057099327358167,0.47872130722725237
0.0493880456222191,0.2806025834886019
0.4860711801291352,0.3133918679060598
0.9011384782098535,0.8131154393812787
0.09167158294334354,0.4582379206984726
0.826431579130437,0.8837211859019694
0.32622235492489116,0.9078853355474833
0.4629971033327497,0.3489556314753455
0.2585501154240927,0.8696511481895208
0.26587218014195035,0.768485365155284
0.5124850450561674,0.7913027922489294
0.7185744115566745,0.9564689130948536
0.1867393011742452,0.5648439659985585
0.18907147260903412,0.31527544399700713
0.023423546558430486,0.27972208759889605
0.6565386980406283,0.6280569389117255
0.5353595915171708,0.12089870932190427
0.983542656138223,0.8064741099111856
0.8134706616174178,0.1634336739926341
0.007085399436700168,0.35370531365028934
0.8683678108106353,0.3455951331689677
0.7654881095640116,0.3744732714566008
0.4050766298988341,0.2955624963534016
0.6016054251698305,0.16409269155196227
0.453779171703967,0.37510217502505194
0.23140245158404926,0.07748836136612902
0.08982548495557496,0.6690956347529624
0.19513355154815348,0.09071947988478979
0.07672081296462752,0.01218856404702695
0.3797792265573743,0.47176669251058256
0.6791019076986933,0.7920060963864499
0.2530442485344576,0.902655433585181
0.8562772659048308,0.745147871909358
0.3139293330599402,0.0072093379945240565
0.2901094106197304,0.8806826112743324
0.39872543031151053,0.3646894275524164
0.8804388818297322,0.6307174619675067
0.169794817701016,0.009515451008677456
0.44770409761934216,0.12490339282241647
0.6154996222628907,0.37797310192642763
0.6633098321450177,0.0009779358824855144
0.1642411625814787,0.26545575534538235
0.3729493166071214,0.13187434172918566
0.714253839110268,0.8246862421017802
0.6920781118050084,0.6936053330253925
0.15902332635064897,0.36155833448892394
0.8927815390585858,0.8668382328322017
0.07349927194141825,0.46291707827770745
0.8383032513468757,0.17165375941393501
0.9516430493198043,0.6313544278964371
0.9000341431389368,0.5917928320629963
0.8135976017008715,0.8095352484842636
0.21803233121215926,0.4404161644014979
0.6509501535998813,0.3248261895702329
0.8817428953294635,0.5565866763965187
0.019132874792506915,0.24681477261362317
0.5091797841134535,0.053179428894051584
0.4228939714538221,0.701578148257588
0.4715292211636133,0.5788539733109268
0.9841935170620196,0.6628261873454777
0.29591761524466353,0.07306466293138558
0.6802982569498197,0.23116464810833381
0.12310553894621157,0.9845042470369813
0.06117059392022639,0.577106196914128
0.8603120083709066,0.4954548706538604
0.4608608903507724,0.5445486454969626
0.7382203306082185,0.6229463688202553
0.2808702434916105,0.7868333022666585
0.6999642351325648,0.8857763244794419
0.8555155903149685,0.08067185195218018
0.10684875337187338,0.9878539612009116
0.901100653299111,0.69844160438124
0.6817895010058853,0.21706594282532532
0.2697678910667881,0.4211698474252046
0.30533607240947647,0.6093928847025478
0.10549823197440444,0.6121488307026468
0.6551798921852876,0.7978198730264424
0.07702295738698584,0.024687064676525594
0.7526327243244073,0.4847783083926045
0.2782844994003726,0.8638228989061771
0.05090964153409505,0.0656896935513207
0.2508849186285479,0.02222585277309852
0.17250434784442992,0.28476237851070396
0.8407386667116302,0.2912961186126478
0.12655699715685975,0.5846420106951923
0.4736575370741992,0.5555606827971523
0.7418453814509937,0.39385778730525123
0.17032323090292056,0.12899520084743554
0.8890514902074385,0.23187932512847187
0.16551888858813568,0.09816970212343468
0.538712651218552,0.09615688604050554
0.1713643166778549,0.7508538209388284
0.23617030419539375,0.9784275793025609
0.9789399030846653,0.103219026922722
0.40392287067073807,0.3086270364104782
0.25162912950685157,0.7238580097218633
0.06973370657925959,0.3423533980286452
0.6103667078860815,0.7148723963143326
0.10074840446187583,0.35705431352576467
0.19517093840290967,0.47210477721991095
0.6467346763662298,0.4547036997588103
0.2609526474212872,0.13891590611089966
0.29584888394585973,0.5281974093809372
0.6498661476401563,0.05393846244238354
0.9350363391059746,0.7380712192913289
0.4105969922886714,0.616131532866403
0.8263957738715881,0.17875585860731147
0.5615188513548148,0.7635727935723975
0.5617839816323473,0.93242557920286
0.33909433931904953,0.22568917488232643
0.15258403962989486,0.4893112262158753
0.6693898767667554,0.6566655817214051
0.7101922315715907,0.8585515858836071
0.5575552006402755,0.452174961539214
0.5538770768687915,0.27204904690781306
0.9965641573302952,0.9595361826527053
0.03449835554279679,0.5714309311236936
0.9856995754743098,0.5680183140784817
0.42272139031623324,0.9010160885767724
0.899090358951856,0.5139198271388842
0.34950004254406497,0.33417038741479754
0.9843609444841829,0.9012537959423885
0.7365980827500549,0.7706430287304555
0.4399908057926678,0.4887025780235831
0.7495453241074873,0.8814102084660396
0.9040028900982824,0.19859925506219012
0.002805714896786049,0.8971446018135663
0.10054915984206636,0.9139424701715432
0.030708552222465935,0.41634209327289406
0.6848311677346149,0.1450566064771328
0.8438156204357179,0.19017623274561835
0.9312951440127502,0.5205765880613682
0.7521008500611228,0.6500194838463887
0.9180314999117002,0.9425597100708029
0.71950186010951,0.4483059069387342
0.8114476013100839,0.5396693998007468
0.3141700639185152,0.607389511142687
0.33488983728726984,0.42602852863776897
0.645478292384887,0.07170430680188689
0.5324647894814806,0.1727154268525064
0.1601843347427847,0.23706339506317398
0.45898686871904226,0.5113142417364059
0.3765348021146303,0.2967027463180669
0.781698312081379,0.2438506505187037
0.760217435584411,0.4675914078665616
0.3281197440879119,0.975171327696097
0.36251448120886465,0.33812287166537713
0.15517181214151132,0.5619067691236879
0.11508779775055977,0.10424685761397956
0.41999614208674296,0.19605225894488743
0.9468868581451766,0.647693703619172
0.02586102971179749,0.4158777344256006
0.535692601564381,0.42748298967946374
0.629313445010162,0.566758752077226
0.3400469334151378,0.2858866112414773
0.02036362234443534,0.9859512719230141
0.7414663078310015,0.2898807340797722
0.2647910073440669,0.7422274982803035
0.5640998755231699,0.5593840809946161
0.6150719495372434,0.3548632364669595
0.5338027051387916,0.2895158619768954
