history_1,history_2,history_3
0.6364327620509281,0.584801434818165,0.5867078668680074
0.7648309216705018,0.33694275195488843,0.93708704994677
0.44842981379994307,0.8241286372174769,0.8042024711041189
0.3940369686148747,0.6268540957159604,0.8685837849489282
0.7839030022207922,0.7532694608414165,0.7325664585997348
0.30581360439358984,0.8258884768544974,0.664645701992299
0.9079400527111171,0.34648569224532977,0.7598816103269027
0.8854101453538978,0.8660033698523874,0.10102467840831408
0.04351979857401633,0.7743761719227424,0.5571170216025008
0.21787339529858463,0.8693595385320347,0.03601988260984135
0.6738242437300311,0.29706836408718085,0.9362490696044417
0.031144460083313952,0.48061421208079513,0.8521908370093457
0.2839213923420645,0.3856215090807634,0.7549994499269979
0.5121251616283831,0.2099357554387299,0.2583309696437125
0.7665956989718616,0.8874186028231321,0.5892029595314626
0.8460879275413771,0.26478945730641534,0.2880550047264031
0.4678916617952078,0.7809777556913498,0.5729508651473407
0.4380577892617503,0.9313047820609897,0.13630097338655256
0.3912707950225871,0.2283441590921863,0.9583235749055419
0.21149956051121144,0.18700511289918964,0.4108592606680357
0.9716347519269966,0.9190866906918128,0.032199245835705104
0.548352738345888,0.8544131745319408,0.9368044228847194
0.36252217865667447,0.5315758374848679,0.19103908680504167
0.8901818813135643,0.36149558777154567,0.006494409278948288
0.027408815861657998,0.4250370057057916,0.9025148307547629
0.048059485018652204,0.53197525421815,0.5297208915174653
0.3685568489538785,0.7708321332173989,0.5883373593922744
0.061134740764050344,0.8926755532988233,0.11613257356910356
0.12615950796476483,0.2888176206270805,0.5888126428849502
0.07595588565187161,0.7023511124690157,0.5856146126571609
0.3600184036893639,0.47416124921715386,0.7482858892232995
0.35855510657395173,0.12972507936410005,0.37571413995957303
0.9416009274156124,0.3697913062231466,0.626652169963843
0.5669861899918959,0.008025996612775477,0.24838629274611268
0.4790298295461949,0.2974224300949333,0.764908180229648
0.6045834225498189,0.3725493230557906,0.29132415197254824
0.0014094233906493114,0.9322004696509191,0.7694828078969151
0.3565916742710966,0.3577413084349309,0.27354567854494705
0.16903572402728406,0.602097407152297,0.7443848922567394
0.35619747641932786,0.794654990925337,0.18819045459076078
0.5288650613878669,0.4310818678759517,0.6580612506328084
0.4908649491690481,0.7256857295807422,0.6315243315825726
0.5554934623709912,0.19448242319757858,0.30239305324220556
0.1836705300483399,0.5581038120187337,0.43073348228643527
0.8872572285334913,0.3026859328283078,0.9395074747506037
0.15618278448573453,0.12290269201246218,0.46573520400639756
0.3914921959545238,0.15283902446026454,0.10653040382256485
0.6503820483970354,0.8454378385000496,0.9650785781901572
0.4391945144185717,0.8191128228250202,0.01706998658349501
0.7938596719280191,0.37750279391724295,0.8580698497594357
0.2055274946414114,0.4533966924244005,0.23232695827456562
0.9189471835032755,0.9885282685254435,0.7631218387536856
0.6357591839060865,0.17069521036658797,0.25393355265661566
0.19615387996399447,0.08807443767522438,0.33641730584281915
0.6311409772486734,0.553167160720249,0.22052684846131354
0.21203189135554323,0.09158022697258195,0.23194766520651133
0.17862477351845407,0.8246458788432213,0.771886671204523
0.030209958860427877,0.7780569660963623,0.6764153009101201
0.7298818098923322,0.5261559261695574,0.27719340626367317
0.7723416265994091,0.2142261840388423,0.7633286877127643
0.6714605710581668,0.13742824854160418,0.04817057027354443
0.7452611663930881,0.5151765098326663,0.053230409081871155
0.6830997024421894,0.06755386036673294,0.9496027990188147
0.7116594143092725,0.2959497293704152,0.11585333524651797
0.9512383300897065,0.10813435986053277,0.4181035572541608
0.9290416554766399,0.32691497553076354,0.28112778995197696
0.703409395605189,0.619616602065416,0.760584838890836
0.7604695350621825,0.669650171039633,0.5914117691094303
0.7731982992473023,0.016106590074345672,0.9925839808914743
0.6912730577677193,0.3538036566128727,0.8539237362600296
0.668785533528997,0.8760568779272612,0.463346576599445
0.22884793550950133,0.37580359308486855,0.8142972623919015
0.6283310428571769,0.23374304034686588,0.5735070900961559
0.4549389319544632,0.861031167511028,0.3387848322999456
0.2628484353324857,0.1829355113359824,0.5451989606232815
0.24024746488605186,0.5447646152757357,0.18461513603220991
0.6382347873627524,0.538536888211256,0.5148115479614492
0.31190809268546427,0.008637921840432328,0.4545140057717606
0.25063347625929644,0.9513559680478162,0.18558178561769023
0.16654360342626562,0.05456126523099525,0.24851056365374868
0.7345116732195446,0.9618320572547017,0.7974888813334664
0.9193804768752674,0.2707384033971435,0.09811974720529948
0.8141881571655198,0.41524699598031434,0.712529501884333
0.34361050899345646,0.6614337177403922,0.42778707176778474
0.2817944590455719,0.3624618069464347,0.3587240119512485
0.4322134678602507,0.9861354233148335,0.018922630229260662
0.14440256273877283,0.5824073484392153,0.14280033564967287
0.2440205350392124,0.8999731279259235,0.9947069476022533
0.5357698061046119,0.7836156185265255,0.8338696090362183
0.8779476206153466,0.07197183830241338,0.5025331324821918
0.3005794705330761,0.6477766842799643,0.09020643804296002
0.12047769388809759,0.6989719859977999,0.5855948488108821
0.28424631264175404,0.7735057752243338,0.9683315581522273
0.9808624565070424,0.5586333190400902,0.20978322919210746
0.8926145587655357,0.7934156071824184,0.8239080903776743
0.6689298123676247,0.5759753005322074,0.5648907785717417
0.16451043372775453,0.008150802674629865,0.017528486885228012
0.7776419167677294,0.30972734521797196,0.37470769843220497
0.1375868259398194,0.017397415476833378,0.9363690606682488
0.1736642396183128,0.23141912443516421,0.24135962481071216
0.28621442035773803,0.0839009834072465,0.715099786118539
0.6925878392405486,0.31516248607870445,0.30591217168096874
0.3425109750594033,0.8350575557651325,0.5685661361961126
0.9350104887781437,0.877468727743036,0.28334855205890963
0.19192092646214087,0.8722127301650117,0.05731574182734922
0.27935080402218526,0.32461868693164764,0.5904847424374269
0.18588738171214314,0.036942785464947114,0.5393778530885543
0.14476451413262426,0.030236839472325472,0.07961984387489651
0.5576167093342446,0.03331215419857858,0.24965593615365445
0.24501291133074887,0.07859342268088654,0.6919533561785606
0.45106337478404523,0.4693078881656688,0.3380458516510827
0.5517235990070585,0.4202685517367577,0.1748287479830949
0.4420355913417334,0.24840108298739083,0.12629510607338745
0.3429680631317432,0.06249909526852415,0.3704431953378138
0.8955233427766883,0.2898958653706317,0.6225924100779193
0.16670971114942024,0.338564559171894,0.966246752042981
0.07808591483996419,0.7978695272057337,0.7578221382799958
0.949136853907014,0.9750757383132341,0.8487037568720677
0.40271879656201115,0.944555204745572,0.14621136273175406
0.2679568437285773,0.9180095409084285,0.6129269178850089
0.5064668132880993,0.8297973605782455,0.6924038534717983
0.5000594092056924,0.7809448489562252,0.9128172135210307
0.17315277408196517,0.9434057538440868,0.6289487871613316
0.4729611490347364,0.17702243627878744,0.34418612080842503
0.11244305434758017,0.8933644686681148,0.49679972459716193
0.7370540451885369,0.19976317126869014,0.9453799637359895
0.9241899743384678,0.7367169727880412,0.3235904955697081
0.6245157819568696,0.0041493086003070445,0.10073942996430074
0.38268720920830546,0.8458871261320646,0.46586281560134857
0.7671894200604695,0.6818398149289517,0.5061601860864441
0.690115895590193,0.15893380636025667,0.6022797394019918
0.08053835034030143,0.40019846913148094,0.39008411848571223
0.4663038654685865,0.8226079354005966,0.3526476957013701
0.18295764243018964,0.57650683588577,0.7655973208311059
0.47430630678028496,0.18967695947595753,0.36119374788344105
0.7430975884141322,0.9006043434132394,0.014021094280554425
0.04976417909529118,0.35689066640792977,0.2693584750004626
0.01836051873639477,0.06129530303668895,0.8828628280765071
0.1846762648654603,0.8309380566849152,0.8211662193549135
0.9925185610051847,0.8054440474824901,0.546998053468338
0.3827626524376262,0.6917921278149056,0.12319450757896333
0.22171660322054532,0.5538265755692221,0.41245313697800345
0.341569346192251,0.9567081141301254,0.6188845871864109
0.33931119405944754,0.5609871611950213,0.8056634722223156
0.6953925448368719,0.5723670707361771,0.6450805298148589
0.6719788122026811,0.9559089540395612,0.3606442411662194
0.37730694400890097,0.9435855824758275,0.8308777440188926
0.1515737266983287,0.2848419273014544,0.6233590351100108
0.18386327288564563,0.7600399777295965,0.64180996512591
0.13297711000264423,0.20162605889659369,0.2340977033792827
0.9603164644474582,0.35026282169052814,0.47955058347591395
0.7591219443043596,0.2980318569493995,0.80389749199912
0.2727856100226598,0.4144070118982257,0.6866227745171133
0.301092842727006,0.8461378654993875,0.37187281153695373
0.1327827831468248,0.9643984850194586,0.43130641818848503
0.6544393870422837,0.9200847629087844,0.23644471270186118
0.774525442951223,0.5477741298672963,0.0639588461558751
0.596250821193726,0.4537240949259307,0.9140648148959604
0.9075330857983674,0.9412118678736715,0.07933266688411866
0.35192156794713836,0.34461760233081074,0.348416837066002
0.02330574945570174,0.8563995193767726,0.771765183751911
0.9613526261205312,0.9273197254545625,0.10556219428389646
0.8439899521000799,0.0030613702730419856,0.40749631101883665
0.6499612002525129,0.982887404756313,0.3845088531182067
0.12388808873154145,0.21731900010764804,0.4923853613275603
0.4600753601026434,0.6794792640718736,0.10475888916521192
0.35255223724373885,0.7594202173423366,0.7842905577988855
0.8675273035437556,0.3125602602623665,0.45732809567426846
0.2263892765171135,0.5713601455486408,0.6237621423515393
0.34861820434007285,0.38070208281469853,0.45094089062997056
0.9929952121356403,0.600779929098002,0.8817681920669986
0.5864505631605813,0.4114318112611284,0.44064324490759654
0.60650841678037,0.21642560051454385,0.7542105807160955
0.3345394859435553,0.9027640425555106,0.34433480382432513
0.6740441115759476,0.3931880314388384,0.40573101664194466
0.7621970223897909,0.16360672297970347,0.8565279521747557
0.05819804259619399,0.7059861559662268,0.4073802102606998
0.014837626776767476,0.9587789224111247,0.14565951466531024
0.05294020959005319,0.344026410819811,0.958612768014965
0.11191587304637174,0.4727552602533498,0.12165628652086746
0.14741898678174947,0.5625423569247574,0.0011380373610572203
0.4056222707358933,0.6580004088954382,0.39635939503123685
0.4296153906227975,0.061848916267660425,0.5512729229637063
0.5409286808029574,0.28670127775151877,0.24911040291184572
0.7174566405930083,0.9832134030832389,0.0945185764535651
0.4777765030951471,0.4815859105117237,0.9477142471689773
0.6814555176403077,0.24142094639494116,0.8977493624201407
0.8813739190378456,0.6088630425581391,0.21863639642649357
0.35382554896797147,0.6890255470704949,0.21776549412977708
0.13236682265767064,0.6021514640738516,0.16044082940576165
0.8180430349292543,0.9319216079037724,0.9410529315555599
0.44650728947692475,0.4978179932602821,0.2205993135669626
0.581167958824211,0.822528937804934,0.5789273021733414
0.3239710167649388,0.6913132474987906,0.8867306907277761
0.3462352239083746,0.15096416842831417,0.15817275873888426
0.28626107512755616,0.2611098771604655,0.2603058676340483
0.9390071476758929,0.22910462126614817,0.430644232167424
0.08763960761467604,0.5023151868402419,0.06150320876479354
0.1492039099420619,0.5975734190815509,0.9629241624194032
0.8721407821385645,0.03723485286336636,0.8952048593299972
0.3808979053077771,0.41740503361484305,0.30352776928712877
0.8034476734210753,0.4867083145510863,0.21641162235578293
0.10959998318263209,0.5773404727504494,0.11793203905032734
0.1688725421974393,0.7162085170880704,0.9512670699440934
0.6077847491764037,0.4776048302953385,0.12998927088133205
0.0986598609945808,0.6822725248833589,0.19180251369714008
0.025029651635988026,0.6002084492511223,0.8172984445737017
0.8782796482996785,0.9525808045374058,0.3781323157078693
0.21855544634778223,0.5488864619651106,0.6933908268786451
0.9888206228067058,0.6667855603037093,0.7895850010422597
0.2350584706867268,0.20361723869742154,0.2451756212137841
0.6859975489197601,0.6333966794829156,0.09502641251210409
0.5538601212339792,0.5002706605735481,0.9528486527236819
0.9011063007191524,0.9193857404184698,0.6361875580576327
0.48749125818053163,0.30526240017405504,0.305531530416827
0.2617222368958151,0.989671185929317,0.9297032416034797
0.2413788368375639,0.8832329014406902,0.32082584216544896
0.6438596178832865,0.716140579940442,0.6022128974972809
0.17759774863041522,0.3665919151709599,0.13659797229009452
0.9272345601464465,0.19725871090192226,0.874308822139832
0.5966441385300961,0.7300207154709922,0.1884229992148303
0.47739334588490034,0.3639921088976964,0.29997874995543905
0.8598404067275273,0.9522892773756598,0.04898314411606919
0.9794243866914576,0.9834753375942833,0.28227484274137116
0.29776721492734826,0.07293553195954239,0.30188651780163833
0.5197666787459209,0.7558259787692769,0.5118155864935423
0.9985221631801224,0.8203399407974186,0.43045013869748594
0.5971782064993044,0.06355459127659113,0.25110581337754345
0.8568618958807809,0.030162513153516035,0.8811168072531098
0.15971419736632486,0.9173427571090583,0.5305672677217274
0.7030372516818352,0.09068346686379436,0.4803681263662517
0.44809528171398605,0.6460036718439013,0.2976008558615727
0.2900029846901814,0.11232378909532004,0.9697198682014067
0.8659125505253548,0.7781394085332825,0.7938146955703848
0.2335566294364687,0.008762536894245332,0.7278438111113634
0.15676988378268641,0.720812373982293,0.6005845943620222
0.9411001371491595,0.8580422343638174,0.1795132927703702
0.3440343435855411,0.20343587594512258,0.5675625829524039
0.7621378095043372,0.8000432580913402,0.8852065265625876
0.8029137305991239,0.49746399396628005,0.48036933723628483
0.3039825063217647,0.577198716836753,0.6288012191652339
0.10970586420520567,0.9035116584486763,0.6307182457699844
0.3995969020527841,0.10338203714874383,0.44905579995009315
0.8961047013377252,0.03918055488837535,0.7884758778549472
0.9438255391889216,0.8136824799125789,0.3894194930613505
0.4673744573495011,0.25007494982316014,0.2567557135720939
0.6874674033968985,0.7821724138938846,0.43602970010255904
0.6563316465701482,0.29268341180201696,0.913212594921542
0.15692025906623763,0.9391520341578615,0.3720144085386379
0.5938100763602175,0.9106908587050039,0.3279175399277323
0.9885891881115957,0.7070831297597232,0.9697679825108592
0.742348760302198,0.5105087859814749,0.8414455352360445
0.30411910671411035,0.6822151067579161,0.7626130166462115
0.5837350328291052,0.9483688299938291,0.7778194504001776
0.353582657443669,0.6304667794205631,0.5759722871107366
0.1850862137513829,0.9607719485216438,0.7539619803802813
